temperature_2m_(°C),relative_humidity_2m_(%),dew_point_2m_(°C),apparent_temperature_(°C),precipitation_(mm),rain_(mm),weather_code_(wmo_code),pressure_msl_(hPa),surface_pressure_(hPa),cloud_cover_(%),cloud_cover_low_(%),cloud_cover_mid_(%),cloud_cover_high_(%),et0_fao_evapotranspiration_(mm),vapour_pressure_deficit_(kPa),wind_speed_10m_(km/h),wind_speed_100m_(km/h),wind_direction_10m_(°),wind_direction_100m_(°),wind_gusts_10m_(km/h),soil_temperature_0_to_7cm_(°C),soil_temperature_7_to_28cm_(°C),soil_temperature_28_to_100cm_(°C),soil_temperature_100_to_255cm_(°C),soil_moisture_0_to_7cm_(m³/m³),soil_moisture_7_to_28cm_(m³/m³),soil_moisture_28_to_100cm_(m³/m³),soil_moisture_100_to_255cm_(m³/m³),pm10_(μg/m³),pm2_5_(μg/m³),carbon_monoxide_(μg/m³),nitrogen_dioxide_(μg/m³),sulphur_dioxide_(μg/m³),ozone_(μg/m³),uv_index_clear_sky,uv_index,dust_(μg/m³),aerosol_optical_depth,hour,dayofweek,month,is_weekend,is_night,sin_hour,cos_hour,pm2_5_(μg/m³)_lag1,pm10_(μg/m³)_lag1,ozone_(μg/m³)_lag1,dust_(μg/m³)_lag1,pm2_5_(μg/m³)_lag3,pm10_(μg/m³)_lag3,ozone_(μg/m³)_lag3,dust_(μg/m³)_lag3,pm2_5_(μg/m³)_lag6,pm10_(μg/m³)_lag6,ozone_(μg/m³)_lag6,dust_(μg/m³)_lag6,pm2_5_(μg/m³)_lag12,pm10_(μg/m³)_lag12,ozone_(μg/m³)_lag12,dust_(μg/m³)_lag12,pm2_5_(μg/m³)_lag24,pm10_(μg/m³)_lag24,ozone_(μg/m³)_lag24,dust_(μg/m³)_lag24,pm2_5_(μg/m³)_rollmean3,pm10_(μg/m³)_rollmean3,ozone_(μg/m³)_rollmean3,pm2_5_(μg/m³)_rollmean6,pm10_(μg/m³)_rollmean6,ozone_(μg/m³)_rollmean6,pm2_5_(μg/m³)_rollmean12,pm10_(μg/m³)_rollmean12,ozone_(μg/m³)_rollmean12,pm2_5_tier
0.4080717488789237,0.8987341772151899,0.8457711442786068,0.5614035087719298,0.018348623853211007,0.018348623853211007,4,0.4292452830188722,0.4292452830188722,1.0,0.0,1.0,1.0,0.0,0.05273833671399595,0.23076923076923078,0.3192019950124688,0.4066852367688022,0.47075208913649025,0.18984547461368653,0.23178807947019864,0.32592592592592595,0.26666666666666705,0.38888888888889106,0.9748953974895398,0.9117647058823528,0.42261904761904745,0.06666666666666643,0.023775727466288143,0.023332487953335028,0.009242490476487853,0.02248322147651007,0.019447287615148415,0.025590551181102362,0.0,0.0,0.0,0.024539877300613494,0,4,8,0,1,0.0,1.0,0.02485417195029166,0.02537260468417317,0.021653543307086614,0.0,0.02840476794319047,0.028921220723917673,0.018700787401574805,0.0,0.030180065939639872,0.030872959545777144,0.03937007874015748,0.0,0.03677402992645194,0.03761533002129169,0.0531496062992126,0.0,0.019908698960182603,0.022533711852377573,0.027559055118110236,0.2,0.026613197229310975,0.026985645933014356,0.022841787033926773,0.033045474966305596,0.03345634312769809,0.021799790722009067,0.045054171943154635,0.04569523435967836,0.05296356715606308,0
0.41255605381165916,0.9113924050632912,0.8557213930348259,0.5614035087719298,0.02293577981651376,0.02293577981651376,5,0.39622641509433976,0.39622641509434686,1.0,0.0,1.0,0.91,0.0,0.044624746450304266,0.27692307692307694,0.3915211970074812,0.49025069637883006,0.5236768802228413,0.20529801324503313,0.22847682119205304,0.3185185185185184,0.26666666666666705,0.38888888888889106,0.9790794979079498,0.9117647058823528,0.42261904761904745,0.06666666666666643,0.023243435060326473,0.022571645954856712,0.006682070817460813,0.01778523489932886,0.01842374616171955,0.02952755905511811,0.0,0.0,0.0,0.02147239263803681,1,4,8,0,1,0.25881904510252074,0.9659258262890683,0.023332487953335028,0.023775727466288143,0.025590551181102362,0.0,0.025868627948262748,0.026437189496096518,0.01968503937007874,0.0,0.03347704793304591,0.03424414478353442,0.018700787401574805,0.0,0.041592695916814616,0.042405961674946764,0.06496062992125984,0.0,0.01686533096626934,0.01889638041163946,0.028051181102362203,0.17500000000000002,0.025428363106088224,0.025837320574162683,0.026200873362445413,0.030899016622572762,0.03129786937752401,0.02371817230554587,0.04294357675531166,0.04357717199450872,0.0490483958673192,0
0.42152466367713004,0.8987341772151899,0.8557213930348259,0.5508771929824561,0.009174311926605503,0.009174311926605503,4,0.37264150943396146,0.37264150943396857,1.0,0.0,1.0,0.61,0.0,0.05476673427991888,0.4076923076923077,0.5211970074812967,0.596100278551532,0.6155988857938719,0.293598233995585,0.2251655629139072,0.3111111111111109,0.26666666666666705,0.38888888888889106,0.9748953974895398,0.9159663865546217,0.4285714285714284,0.06666666666666643,0.02217885024840312,0.021810803956378393,0.0054330856179354275,0.01442953020134228,0.016376663254861822,0.031496062992125984,0.0,0.0,0.0,0.02147239263803681,2,4,8,0,1,0.49999999999999994,0.8660254037844387,0.022571645954856712,0.023243435060326473,0.02952755905511811,0.0,0.02485417195029166,0.02537260468417317,0.021653543307086614,0.0,0.03220897793558205,0.03282469836763662,0.018700787401574805,0.0,0.04514329190971342,0.04595457771469127,0.07381889763779527,0.0,0.014202383971595234,0.01579134137686302,0.02854330708661417,0.15000000000000002,0.024334670069267227,0.024688995215311003,0.029559959690964057,0.028852393550641446,0.029209023812839432,0.02598535054063481,0.04035457999155762,0.04094920572661306,0.04437194127243067,0
0.4035874439461885,0.8481012658227848,0.8009950248756218,0.4982456140350877,0.0,0.0,3,0.3632075471698073,0.3632075471698144,0.99,0.0,0.23,0.99,0.023255813953488375,0.08316430020283976,0.5115384615384616,0.6209476309226932,0.6573816155988859,0.6629526462395544,0.4216335540838852,0.2152317880794702,0.3037037037037038,0.26666666666666705,0.38888888888889106,0.9686192468619248,0.9159663865546217,0.4285714285714284,0.06666666666666643,0.019517388218594747,0.0190210499619579,0.004683694498220196,0.011409395973154362,0.013988399863527805,0.033464566929133854,0.0,0.0,0.0,0.02147239263803681,3,4,8,0,1,0.7071067811865476,0.7071067811865476,0.021810803956378393,0.02217885024840312,0.031496062992125984,0.0,0.023332487953335028,0.023775727466288143,0.025590551181102362,0.0,0.02840476794319047,0.028921220723917673,0.018700787401574805,0.0,0.04590413390819174,0.04684173172462739,0.0826771653543307,0.0,0.013314734973370532,0.014460610361958833,0.02952755905511811,0.125,0.022785271600437473,0.023157894736842106,0.03224722875377897,0.02700544102231318,0.02736387689736805,0.028601325427275896,0.03737160545940622,0.03792900568738968,0.0389342033713975,0
0.38565022421524653,0.8607594936708861,0.7860696517412934,0.4982456140350877,0.0,0.0,3,0.3584905660377373,0.3584905660377373,1.0,0.03,0.88,1.0,0.011627906976744188,0.07302231237322516,0.3730769230769231,0.5087281795511222,0.6629526462395544,0.6601671309192201,0.4128035320088301,0.20860927152317876,0.28888888888888875,0.26666666666666705,0.38888888888889106,0.9644351464435146,0.9117647058823528,0.4285714285714284,0.06666666666666643,0.01721078779276082,0.016738523966522954,0.004808593018172734,0.009395973154362415,0.012623677925622653,0.03543307086614173,0.0,0.0,0.0,0.02147239263803681,4,4,8,0,1,0.8660254037844386,0.5000000000000001,0.0190210499619579,0.019517388218594747,0.033464566929133854,0.0,0.022571645954856712,0.023243435060326473,0.02952755905511811,0.0,0.025868627948262748,0.026437189496096518,0.01968503937007874,0.0,0.04184630991630739,0.042760823278921216,0.0826771653543307,0.0,0.012934313974131372,0.014105748757984385,0.02952755905511811,0.1,0.02068902661319723,0.020988835725677835,0.03426268055089016,0.025208406129885688,0.025553544074641416,0.03139169863969306,0.03458561981145349,0.03510492253383016,0.03371397498640566,0
0.3587443946188341,0.9113924050632912,0.7960199004975123,0.4982456140350877,0.0,0.0,3,0.3584905660377373,0.3584905660377373,1.0,0.01,0.47000000000000003,1.0,0.0,0.042596348884381345,0.24615384615384617,0.38154613466334164,0.6183844011142061,0.6128133704735377,0.2847682119205298,0.20198675496688745,0.2814814814814812,0.26666666666666705,0.38888888888889106,0.9602510460251046,0.9117647058823528,0.43452380952380976,0.06666666666666643,0.016855926188786372,0.01648490996703018,0.006057578217698119,0.01023489932885906,0.013988399863527805,0.0344488188976378,0.0,0.0,0.0,0.024539877300613494,5,4,8,0,1,0.9659258262890683,0.25881904510252074,0.016738523966522954,0.01721078779276082,0.03543307086614173,0.0,0.021810803956378393,0.02217885024840312,0.031496062992125984,0.0,0.02485417195029166,0.02537260468417317,0.021653543307086614,0.0,0.03474511793050977,0.035663591199432215,0.06594488188976377,0.0,0.013187927973624149,0.014371894960965224,0.027066929133858268,0.1,0.01877506379876048,0.01907496012759171,0.03527040644944575,0.023561124145160484,0.023882467622893745,0.033658876874782,0.03255944843112424,0.03302608354579329,0.03023382272974443,0
0.3811659192825113,0.9113924050632912,0.8159203980099502,0.5228070175438595,0.0,0.0,3,0.3679245283018844,0.3679245283018915,1.0,0.07,0.9400000000000001,0.98,0.0,0.04868154158215011,0.2576923076923077,0.399002493765586,0.5988857938718664,0.5988857938718664,0.18984547461368653,0.19867549668874163,0.2740740740740737,0.26666666666666705,0.38888888888889106,0.9581589958158996,0.9075630252100839,0.43452380952380976,0.06666666666666643,0.017033356990773598,0.01648490996703018,0.008055954536938737,0.012583892617449664,0.01671784373933811,0.033464566929133854,0.0,0.0,0.0,0.024539877300613494,6,4,8,0,0,1.0,6.123233995736766e-17,0.01648490996703018,0.016855926188786372,0.0344488188976378,0.0,0.0190210499619579,0.019517388218594747,0.033464566929133854,0.0,0.023332487953335028,0.023775727466288143,0.025590551181102362,0.0,0.030180065939639872,0.030872959545777144,0.03937007874015748,0.0,0.013568348972863301,0.014726756564939672,0.024606299212598423,0.07500000000000001,0.01786365293474298,0.018181818181818184,0.03527040644944575,0.022213347975839865,0.02255953209859351,0.035054063480990584,0.031039819895877303,0.03149637183761522,0.029581294181620445,0
0.3946188340807174,0.8860759493670886,0.8159203980099502,0.5403508771929824,0.0,0.0,3,0.3915094339622627,0.3915094339622698,1.0,0.02,1.0,1.0,0.03488372093023256,0.05882352941176471,0.2,0.32169576059850374,0.67966573816156,0.6490250696378831,0.18322295805739516,0.2251655629139072,0.2740740740740737,0.26666666666666705,0.38888888888889106,0.9623430962343096,0.9327731092436973,0.4464285714285716,0.06666666666666643,0.018275372604684172,0.018006593963986815,0.008992693436582776,0.014932885906040269,0.015353121801432957,0.03248031496062992,0.032846715328467155,0.011406844106463877,0.0,0.027607361963190184,7,4,8,0,0,0.9659258262890683,-0.25881904510252063,0.01648490996703018,0.017033356990773598,0.033464566929133854,0.0,0.016738523966522954,0.01721078779276082,0.03543307086614173,0.0,0.022571645954856712,0.023243435060326473,0.02952755905511811,0.0,0.03347704793304591,0.03424414478353442,0.018700787401574805,0.0,0.020796347958407308,0.02146912704045422,0.03248031496062992,0.0,0.01831935836675173,0.01856459330143541,0.03426268055089016,0.021314830529626117,0.021584737501740704,0.0355772584583188,0.02932320247643169,0.029731319866640522,0.03110386079390973,0
0.42152466367713004,0.8607594936708861,0.8258706467661691,0.5754385964912281,0.0,0.0,3,0.4339622641509422,0.4339622641509422,1.0,0.0,0.9500000000000001,1.0,0.08139534883720931,0.08113590263691685,0.13076923076923078,0.22194513715710723,0.6991643454038997,0.6601671309192201,0.16556291390728475,0.23509933774834435,0.2666666666666666,0.26666666666666705,0.38888888888889106,0.9581589958158996,0.9285714285714284,0.45238095238095255,0.06666666666666643,0.021291696238467,0.020796347958407308,0.010678823455942047,0.016442953020134227,0.017400204708290685,0.03248031496062992,0.14233576642335768,0.03802281368821293,0.0,0.027607361963190184,8,4,8,0,0,0.8660254037844387,-0.4999999999999998,0.018006593963986815,0.018275372604684172,0.03248031496062992,0.0,0.01648490996703018,0.016855926188786372,0.0344488188976378,0.0,0.021810803956378393,0.02217885024840312,0.031496062992125984,0.0,0.03220897793558205,0.03282469836763662,0.018700787401574805,0.0,0.02104996195790008,0.021646557842441447,0.03248031496062992,0.0,0.01986875683558148,0.020159489633173842,0.033590863285186436,0.021115159986023063,0.021410667038016987,0.03575165678409487,0.028056845363725907,0.028456560109825453,0.03262642740619902,0
0.46636771300448443,0.7848101265822786,0.8258706467661691,0.5824561403508772,0.0,0.0,3,0.43867924528301927,0.43867924528301927,1.0,0.0,1.0,1.0,0.186046511627907,0.12373225152129819,0.3384615384615385,0.31670822942643384,0.596100278551532,0.596100278551532,0.31788079470198677,0.2582781456953642,0.2666666666666666,0.26666666666666705,0.38888888888889106,0.9539748953974896,0.9243697478991595,0.45238095238095255,0.06666666666666643,0.022711142654364795,0.02231803195536394,0.012989446075064009,0.0186241610738255,0.02047082906857728,0.031496062992125984,0.35036496350364965,0.09505703422053231,0.0,0.027607361963190184,9,4,8,0,0,0.7071067811865476,-0.7071067811865475,0.020796347958407308,0.021291696238467,0.03248031496062992,0.0,0.01648490996703018,0.017033356990773598,0.033464566929133854,0.0,0.0190210499619579,0.019517388218594747,0.033464566929133854,0.0,0.02840476794319047,0.028921220723917673,0.018700787401574805,0.0,0.01851382196297236,0.019162526614620295,0.033464566929133854,0.0,0.021965001822821732,0.022200956937799044,0.0329190460194827,0.02176408925273299,0.022037320707422363,0.03540286013254273,0.02738145490361615,0.027770151010001964,0.03404023926046765,0
0.5112107623318386,0.7088607594936709,0.8009950248756218,0.6000000000000001,0.0,0.0,3,0.4292452830188722,0.4292452830188722,1.0,0.01,1.0,1.0,0.3023255813953489,0.18458417849898584,0.3961538461538462,0.3391521197007481,0.5988857938718664,0.6016713091922006,0.38852097130242824,0.2847682119205298,0.2666666666666666,0.26666666666666705,0.38888888888889106,0.9456066945606694,0.9243697478991595,0.45238095238095255,0.06666666666666643,0.02146912704045422,0.02104996195790008,0.014800474614375819,0.02030201342281879,0.02354145342886387,0.033464566929133854,0.6058394160583943,0.21673003802281368,0.0,0.027607361963190184,10,4,8,0,0,0.49999999999999994,-0.8660254037844387,0.02231803195536394,0.022711142654364795,0.031496062992125984,0.0,0.018006593963986815,0.018275372604684172,0.03248031496062992,0.0,0.016738523966522954,0.01721078779276082,0.03543307086614173,0.0,0.025868627948262748,0.026437189496096518,0.01968503937007874,0.0,0.02130357595739285,0.022001419446415895,0.03740157480314961,0.0,0.023058694859642726,0.02334928229665072,0.033254954652334565,0.022612689063045973,0.022872858933296193,0.035054063480990584,0.0268467707893626,0.027221023730143158,0.03556280587275694,0
0.5515695067264573,0.6329113924050633,0.7810945273631841,0.6105263157894736,0.0,0.0,3,0.4103773584905639,0.410377358490571,1.0,0.09,1.0,1.0,0.39534883720930236,0.2393509127789047,0.46923076923076923,0.4014962593516209,0.6183844011142061,0.6155988857938719,0.5629139072847683,0.3112582781456954,0.2740740740740737,0.26666666666666705,0.38888888888889106,0.9351464435146444,0.9201680672268906,0.4583333333333335,0.06666666666666643,0.023066004258339247,0.022571645954856712,0.013738837194779242,0.01912751677852349,0.02354145342886387,0.03740157480314961,0.8284671532846716,0.22433460076045628,0.0,0.030674846625766868,11,4,8,0,0,0.258819045102521,-0.9659258262890682,0.02104996195790008,0.02146912704045422,0.033464566929133854,0.0,0.020796347958407308,0.021291696238467,0.03248031496062992,0.0,0.01648490996703018,0.016855926188786372,0.0344488188976378,0.0,0.02485417195029166,0.02537260468417317,0.021653543307086614,0.0,0.026629469946741063,0.027501774308019873,0.04429133858267716,0.0,0.023696682464454975,0.023987240829346092,0.034934497816593885,0.023810712324664304,0.024091352179362206,0.0355772584583188,0.026593499366821444,0.026966071778780146,0.037302882001087556,0
0.5739910313901345,0.620253164556962,0.7860696517412934,0.6175438596491227,0.0,0.0,3,0.37735849056603854,0.37735849056603854,1.0,0.18,0.99,1.0,0.5,0.2596348884381339,0.5692307692307693,0.45386533665835405,0.6072423398328691,0.6072423398328691,0.6357615894039735,0.3410596026490065,0.2814814814814812,0.2533333333333334,0.38888888888889106,0.9246861924686192,0.9159663865546217,0.4583333333333335,0.06666666666666643,0.02572746628814762,0.0253613999492772,0.011428214575657278,0.016610738255033557,0.02217673149095872,0.04232283464566929,0.9379562043795622,0.20532319391634982,0.0,0.03374233128834356,12,4,8,0,0,1.2246467991473532e-16,-1.0,0.022571645954856712,0.023066004258339247,0.03740157480314961,0.0,0.02231803195536394,0.022711142654364795,0.031496062992125984,0.0,0.01648490996703018,0.017033356990773598,0.033464566929133854,0.0,0.023332487953335028,0.023775727466288143,0.025590551181102362,0.0,0.03677402992645194,0.03761533002129169,0.0531496062992126,0.0,0.024790375501275972,0.02507177033492823,0.038629492777964396,0.025557829581191037,0.025797242723854613,0.037146843390303455,0.026818629520191362,0.02718180035301039,0.03915171288743882,0
0.5695067264573991,0.6329113924050633,0.8059701492537313,0.6456140350877193,0.004587155963302752,0.004587155963302752,4,0.3443396226415061,0.3443396226415132,1.0,0.19,1.0,1.0,0.5581395348837209,0.24340770791075053,0.5384615384615385,0.44389027431421446,0.626740947075209,0.6295264623955432,0.6357615894039735,0.3675496688741722,0.28888888888888875,0.2533333333333334,0.38888888888889106,0.912133891213389,0.9075630252100839,0.4583333333333335,0.06666666666666643,0.03105039034776437,0.030180065939639872,0.009679635296321739,0.014932885906040269,0.021153190037529856,0.05019685039370079,0.905109489051095,0.19771863117870722,0.0,0.03680981595092024,13,4,8,0,0,-0.2588190451025208,-0.9659258262890683,0.0253613999492772,0.02572746628814762,0.04232283464566929,0.0,0.02104996195790008,0.02146912704045422,0.033464566929133854,0.0,0.018006593963986815,0.018275372604684172,0.03248031496062992,0.0,0.022571645954856712,0.023243435060326473,0.02952755905511811,0.0,0.041592695916814616,0.042405961674946764,0.06496062992125984,0.0,0.028071454611738975,0.02851674641148326,0.04433993953644609,0.027953876104427698,0.028303857401476114,0.04028601325427276,0.02766286759532855,0.028044714649931357,0.04143556280587275,1
0.5381165919282512,0.6455696202531646,0.7810945273631841,0.5859649122807018,0.03669724770642201,0.03669724770642201,5,0.2924528301886795,0.2924528301886795,1.0,1.0,0.46,1.0,0.48837209302325585,0.2271805273833672,0.6230769230769231,0.4987531172069825,0.6462395543175488,0.6434540389972145,0.642384105960265,0.3774834437086092,0.3037037037037038,0.2533333333333334,0.38888888888889106,0.9225941422594142,0.903361344537815,0.4583333333333335,0.06666666666666643,0.03814762242725337,0.03728125792543749,0.010866171235870855,0.016610738255033557,0.023882633913340157,0.058070866141732284,0.7262773722627738,0.2661596958174905,0.0,0.046012269938650305,14,4,8,0,0,-0.4999999999999997,-0.8660254037844388,0.030180065939639872,0.03105039034776437,0.05019685039370079,0.0,0.022571645954856712,0.023066004258339247,0.03740157480314961,0.0,0.020796347958407308,0.021291696238467,0.03248031496062992,0.0,0.021810803956378393,0.02217885024840312,0.031496062992125984,0.0,0.04514329190971342,0.04595457771469127,0.07381889763779527,0.0,0.033357637623040476,0.03393939393939394,0.051394020826335235,0.031198522437977338,0.0316111962122267,0.044820369724450644,0.02937948501477417,0.029809766620906057,0.04437194127243067,1
0.5246636771300449,0.6962025316455697,0.8059701492537313,0.6140350877192982,0.09633027522935779,0.09633027522935779,7,0.25,0.25,1.0,0.08,0.36,1.0,0.3372093023255814,0.19675456389452334,0.38461538461538464,0.3466334164588528,0.5821727019498608,0.584958217270195,0.6512141280353202,0.36423841059602635,0.3111111111111109,0.2533333333333334,0.38888888888889106,0.9686192468619248,0.903361344537815,0.4642857142857144,0.06666666666666643,0.04063165365507452,0.039310169921379666,0.013239243114969088,0.019463087248322148,0.027294438758103036,0.06692913385826771,0.48175182481751827,0.20532319391634982,0.0,0.04294478527607362,15,4,8,0,0,-0.7071067811865471,-0.7071067811865479,0.03728125792543749,0.03814762242725337,0.058070866141732284,0.0,0.0253613999492772,0.02572746628814762,0.04232283464566929,0.0,0.02231803195536394,0.022711142654364795,0.031496062992125984,0.0,0.0190210499619579,0.019517388218594747,0.033464566929133854,0.0,0.04590413390819174,0.04684173172462739,0.0826771653543307,0.0,0.03837039737513672,0.03929824561403509,0.05979173664763185,0.03454300404332851,0.03512741957944575,0.05109870945238926,0.03163078654847334,0.032143557560305944,0.04806960304513323,1
0.5381165919282512,0.6708860759493671,0.8059701492537313,0.6035087719298247,0.004587155963302752,0.004587155963302752,4,0.23113207547169878,0.2311320754717059,1.0,0.19,0.53,1.0,0.3023255813953489,0.2089249492900609,0.5384615384615385,0.4788029925187032,0.5320334261838441,0.5348189415041783,0.5960264900662252,0.3543046357615893,0.32592592592592595,0.2533333333333334,0.38888888888889106,0.9602510460251046,0.903361344537815,0.4642857142857144,0.06666666666666643,0.03637331440738112,0.03474511793050977,0.01567476425404359,0.023657718120805367,0.029682702149437055,0.07086614173228346,0.2445255474452555,0.1673003802281369,0.0,0.03987730061349693,16,4,8,0,0,-0.8660254037844385,-0.5000000000000004,0.039310169921379666,0.04063165365507452,0.06692913385826771,0.0,0.030180065939639872,0.03105039034776437,0.05019685039370079,0.0,0.02104996195790008,0.02146912704045422,0.033464566929133854,0.0,0.016738523966522954,0.01721078779276082,0.03543307086614173,0.0,0.04184630991630739,0.042760823278921216,0.0826771653543307,0.0,0.04001093693036822,0.04121212121212122,0.066845817937521,0.03723855638196974,0.038051803370004175,0.057725845831880014,0.03362881665963134,0.034261619925475585,0.051984774333877104,1
0.5022421524663677,0.7088607594936709,0.7910447761194029,0.5859649122807018,0.05045871559633027,0.05045871559633027,6,0.23584905660377586,0.23584905660377586,1.0,0.31,0.9400000000000001,1.0,0.16279069767441862,0.1825557809330629,0.4153846153846154,0.4364089775561097,0.5403899721448469,0.5515320334261838,0.6026490066225165,0.32781456953642385,0.32592592592592595,0.2533333333333334,0.38888888888889106,0.9790794979079498,0.903361344537815,0.4642857142857144,0.06666666666666643,0.030518097941802692,0.028911995942176014,0.0158621120339724,0.026677852348993288,0.027294438758103036,0.060039370078740155,0.08029197080291972,0.03802281368821293,0.0,0.04294478527607362,17,4,8,0,0,-0.9659258262890683,-0.25881904510252063,0.03474511793050977,0.03637331440738112,0.07086614173228346,0.0,0.03728125792543749,0.03814762242725337,0.058070866141732284,0.0,0.022571645954856712,0.023066004258339247,0.03740157480314961,0.0,0.01648490996703018,0.016855926188786372,0.0344488188976378,0.0,0.03474511793050977,0.035663591199432215,0.06594488188976377,0.0,0.03700328107911047,0.0384688995215311,0.06751763520322472,0.03848649727948884,0.039513995265283375,0.061737007324729684,0.03500773884902209,0.03577171994508727,0.05481239804241436,0
0.46188340807174877,0.7974683544303797,0.8258706467661691,0.5719298245614033,0.004587155963302752,0.004587155963302752,4,0.26415094339622414,0.26415094339623124,1.0,0.1,1.0,1.0,0.06976744186046512,0.11764705882352942,0.3807692307692308,0.4314214463840399,0.5515320334261838,0.5571030640668524,0.35761589403973515,0.30132450331125826,0.33333333333333304,0.2533333333333334,0.38888888888889106,0.9728033472803348,0.9075630252100839,0.4642857142857144,0.06666666666666643,0.02714691270404542,0.025615013948769975,0.015362517954162245,0.029530201342281882,0.022517911975435005,0.04232283464566929,0.010948905109489052,0.0076045627376425855,0.0,0.04294478527607362,18,4,8,0,0,-1.0,-1.8369701987210297e-16,0.028911995942176014,0.030518097941802692,0.060039370078740155,0.0,0.039310169921379666,0.04063165365507452,0.06692913385826771,0.0,0.0253613999492772,0.02572746628814762,0.04232283464566929,0.0,0.01648490996703018,0.017033356990773598,0.033464566929133854,0.0,0.030180065939639872,0.030872959545777144,0.03937007874015748,0.0,0.03208166241341597,0.033620414673046245,0.059119919381928114,0.038536414915389616,0.03979250800724132,0.061737007324729684,0.036020824539186716,0.036889586193371245,0.055791190864600326,0
0.49327354260089684,0.7848101265822786,0.8457711442786068,0.6175438596491227,0.013761467889908256,0.013761467889908256,4,0.28301886792452535,0.28301886792452535,1.0,0.16,0.98,1.0,0.04651162790697675,0.1338742393509128,0.29615384615384616,0.3291770573566084,0.6128133704735377,0.6295264623955432,0.3090507726269316,0.29801324503311255,0.33333333333333304,0.2533333333333334,0.38888888888889106,0.8765690376569037,0.8613445378151257,0.4642857142857144,0.06666666666666643,0.03353442157558552,0.03246259193507482,0.02423031287079248,0.0511744966442953,0.03241214602524735,0.01968503937007874,0.0,0.0,0.0,0.03987730061349693,19,4,8,0,0,-0.9659258262890684,0.2588190451025203,0.025615013948769975,0.02714691270404542,0.04232283464566929,0.0,0.03474511793050977,0.03637331440738112,0.07086614173228346,0.0,0.030180065939639872,0.03105039034776437,0.05019685039370079,0.0,0.018006593963986815,0.018275372604684172,0.03248031496062992,0.0,0.03347704793304591,0.03424414478353442,0.018700787401574805,0.0,0.031261392635800224,0.03259968102073365,0.04165267047363118,0.038985673638496476,0.040279905305667725,0.05633065922567144,0.03762487688194737,0.0385761914100804,0.0543773790103317,1
0.47085201793721987,0.8354430379746834,0.8557213930348259,0.6210526315789475,0.0,0.0,3,0.339622641509429,0.3396226415094361,1.0,0.13,0.38,1.0,0.0,0.10141987829614606,0.1807692307692308,0.25187032418952615,0.7242339832869081,0.701949860724234,0.1986754966887417,0.2781456953642384,0.33333333333333304,0.2533333333333334,0.38888888888889106,0.8786610878661087,0.8571428571428568,0.4642857142857144,0.06666666666666643,0.037083037615330015,0.03601318792797363,0.02266908137138575,0.048489932885906036,0.03138860457181849,0.018700787401574805,0.0,0.0,0.0,0.03680981595092024,20,4,8,0,1,-0.8660254037844386,0.5000000000000001,0.03246259193507482,0.03353442157558552,0.01968503937007874,0.0,0.028911995942176014,0.030518097941802692,0.060039370078740155,0.0,0.03728125792543749,0.03814762242725337,0.058070866141732284,0.0,0.020796347958407308,0.021291696238467,0.03248031496062992,0.0,0.03220897793558205,0.03282469836763662,0.018700787401574805,0.0,0.03381334305504922,0.03496012759170654,0.02754450789385287,0.03873608545899267,0.040071020749199264,0.04935472619462853,0.03931335303222175,0.04032163169248872,0.05285481239804242,1
0.45739910313901355,0.8607594936708861,0.8656716417910447,0.6210526315789475,0.0,0.0,3,0.37264150943396146,0.37264150943396857,1.0,0.02,1.0,1.0,0.0,0.08113590263691685,0.13076923076923078,0.2194513715710723,0.7994428969359332,0.7158774373259054,0.11920529801324505,0.26821192052980125,0.32592592592592595,0.2533333333333334,0.38888888888889106,0.8786610878661087,0.8571428571428568,0.4642857142857144,0.06666666666666643,0.039389638041163945,0.038549327922901354,0.020358458752263785,0.04429530201342281,0.029682702149437055,0.018700787401574805,0.0,0.0,0.0,0.03680981595092024,21,4,8,0,1,-0.7071067811865477,0.7071067811865474,0.03601318792797363,0.037083037615330015,0.018700787401574805,0.0,0.025615013948769975,0.02714691270404542,0.04232283464566929,0.0,0.039310169921379666,0.04063165365507452,0.06692913385826771,0.0,0.02231803195536394,0.022711142654364795,0.031496062992125984,0.0,0.02840476794319047,0.028921220723917673,0.018700787401574805,0.0,0.038461538461538464,0.039362041467304626,0.019482700705408126,0.038586332551290375,0.039827322099986066,0.040809208231600974,0.04111439425918109,0.04216513041772896,0.05144100054377379,1
0.4529147982062781,0.810126582278481,0.8208955223880595,0.5754385964912281,0.0,0.0,3,0.4056603773584939,0.4056603773584939,1.0,0.0,1.0,1.0,0.011627906976744188,0.10953346855983775,0.3038461538461539,0.42643391521197005,0.6657381615598886,0.6713091922005572,0.2141280353200883,0.2582781456953642,0.32592592592592595,0.2533333333333334,0.38888888888889106,0.8786610878661087,0.8529411764705879,0.4642857142857144,0.06666666666666643,0.037970191625266145,0.03728125792543749,0.016736401673640166,0.037751677852348994,0.026270897304674176,0.018700787401574805,0.0,0.0,0.0,0.03987730061349693,22,4,8,0,1,-0.5000000000000004,0.8660254037844384,0.038549327922901354,0.039389638041163945,0.018700787401574805,0.0,0.03246259193507482,0.03353442157558552,0.01968503937007874,0.0,0.03474511793050977,0.03637331440738112,0.07086614173228346,0.0,0.02104996195790008,0.02146912704045422,0.033464566929133854,0.0,0.025868627948262748,0.026437189496096518,0.01968503937007874,0.0,0.04019321910317172,0.04095693779904305,0.019146792072556266,0.03908550891029801,0.040140648934688744,0.03156609696546913,0.04291543548614042,0.04398901745440281,0.049809679173463836,1
0.43497757847533636,0.7848101265822786,0.7810945273631841,0.5508771929824561,0.0,0.0,3,0.4056603773584939,0.4056603773584939,1.0,0.0,1.0,1.0,0.011627906976744188,0.12373225152129819,0.25384615384615383,0.3615960099750623,0.6239554317548747,0.626740947075209,0.2229580573951435,0.2450331125827815,0.3185185185185184,0.2533333333333334,0.38888888888889106,0.8786610878661087,0.848739495798319,0.4642857142857144,0.06666666666666643,0.03282469836763662,0.03220897793558205,0.013364141634921625,0.03171140939597315,0.022517911975435005,0.021653543307086614,0.0,0.0,0.0,0.03987730061349693,23,4,8,0,1,-0.25881904510252157,0.9659258262890681,0.03728125792543749,0.037970191625266145,0.018700787401574805,0.0,0.03601318792797363,0.037083037615330015,0.018700787401574805,0.0,0.028911995942176014,0.030518097941802692,0.060039370078740155,0.0,0.022571645954856712,0.023066004258339247,0.03740157480314961,0.0,0.02485417195029166,0.02537260468417317,0.021653543307086614,0.0,0.03882610280714546,0.03942583732057416,0.020154517971111858,0.03973443817700793,0.04059323214037041,0.024764562260202305,0.04398480371464754,0.045067660325554024,0.04806960304513323,1
